{
  "Random Forest": {
    "accuracy": 0.7333333333333333,
    "auc": 0.8839285714285714,
    "sensitivity": 0.5714285714285714,
    "specificity": 0.875
  },
  "XGBoost": {
    "accuracy": 0.7666666666666667,
    "auc": 0.8392857142857142,
    "sensitivity": 0.6428571428571429,
    "specificity": 0.875
  },
  "Logistic Regression": {
    "accuracy": 0.8,
    "auc": 0.9285714285714286,
    "sensitivity": 0.7142857142857143,
    "specificity": 0.875
  },
  "SVM (RBF)": {
    "accuracy": 0.7666666666666667,
    "auc": 0.9330357142857143,
    "sensitivity": 0.6428571428571429,
    "specificity": 0.875
  },
  "Gradient Boosting": {
    "accuracy": 0.7333333333333333,
    "auc": 0.7767857142857143,
    "sensitivity": 0.6428571428571429,
    "specificity": 0.8125
  },
  "MLP (Deep)": {
    "accuracy": 0.7666666666666667,
    "auc": 0.9107142857142857,
    "sensitivity": 0.6428571428571429,
    "specificity": 0.875
  },
  "ResNet (Tabular)": {
    "accuracy": 0.7666666666666667,
    "auc": 0.9241071428571429,
    "sensitivity": 0.6428571428571429,
    "specificity": 0.875
  },
  "TabNet": {
    "accuracy": 0.8,
    "auc": 0.9285714285714286,
    "sensitivity": 0.7142857142857143,
    "specificity": 0.875
  }
}