{
  "test_method": "Paired t-test",
  "alternative_hypothesis": "two-sided",
  "confidence_level": 0.95,
  "n_folds": 5,
  "transformer_summary": {
    "mean_auc": 0.7523148148148147,
    "std_auc": 0.059247569613356726,
    "folds": [
      0.7328843995510662,
      0.8350168350168349,
      0.7654320987654321,
      0.6539351851851851,
      0.7743055555555556
    ]
  },
  "comparisons": {
    "Random Forest": {
      "transformer_mean": 0.7523148148148147,
      "baseline_mean": 0.9108666025332692,
      "mean_difference": -0.15855178771845443,
      "t_statistic": -4.476568892270791,
      "p_value": 0.011018868231361672,
      "significance": "*",
      "cohens_d": -2.001982469815684,
      "effect_size_interpretation": "Large",
      "confidence_interval_95": {
        "lower": -0.25688833642908127,
        "upper": -0.06021523900782763
      },
      "interpretation": "Marginally significant",
      "transformer_folds": [
        0.7328843995510662,
        0.8350168350168349,
        0.7654320987654321,
        0.6539351851851851,
        0.7743055555555556
      ],
      "baseline_folds": [
        0.9545454545454546,
        0.8809523809523809,
        0.908008658008658,
        0.9001122334455668,
        0.9107142857142857
      ]
    },
    "XGBoost": {
      "transformer_mean": 0.7523148148148147,
      "baseline_mean": 0.8890950677409009,
      "mean_difference": -0.13678025292608628,
      "t_statistic": -4.206392367590595,
      "p_value": 0.013625602736117255,
      "significance": "*",
      "cohens_d": -1.881155854793771,
      "effect_size_interpretation": "Large",
      "confidence_interval_95": {
        "lower": -0.22706257338918556,
        "upper": -0.046497932462987
      },
      "interpretation": "Marginally significant",
      "transformer_folds": [
        0.7328843995510662,
        0.8350168350168349,
        0.7654320987654321,
        0.6539351851851851,
        0.7743055555555556
      ],
      "baseline_folds": [
        0.9177489177489178,
        0.8701298701298701,
        0.8993506493506493,
        0.877665544332211,
        0.8805803571428571
      ]
    },
    "Logistic Regression": {
      "transformer_mean": 0.7523148148148147,
      "baseline_mean": 0.9116306918390251,
      "mean_difference": -0.15931587702421035,
      "t_statistic": -4.384078194332765,
      "p_value": 0.01183716406546892,
      "significance": "*",
      "cohens_d": -1.9606193722405187,
      "effect_size_interpretation": "Large",
      "confidence_interval_95": {
        "lower": -0.26021092664170103,
        "upper": -0.05842082740671965
      },
      "interpretation": "Marginally significant",
      "transformer_folds": [
        0.7328843995510662,
        0.8350168350168349,
        0.7654320987654321,
        0.6539351851851851,
        0.7743055555555556
      ],
      "baseline_folds": [
        0.9372294372294372,
        0.882034632034632,
        0.9123376623376623,
        0.9180695847362513,
        0.9084821428571428
      ]
    },
    "SVM (RBF)": {
      "transformer_mean": 0.7523148148148147,
      "baseline_mean": 0.8975075657367324,
      "mean_difference": -0.1451927509219176,
      "t_statistic": -3.787691737452869,
      "p_value": 0.019307256016277023,
      "significance": "*",
      "cohens_d": -1.6939072405517805,
      "effect_size_interpretation": "Large",
      "confidence_interval_95": {
        "lower": -0.2516216080069056,
        "upper": -0.03876389383692963
      },
      "interpretation": "Marginally significant",
      "transformer_folds": [
        0.7328843995510662,
        0.8350168350168349,
        0.7654320987654321,
        0.6539351851851851,
        0.7743055555555556
      ],
      "baseline_folds": [
        0.9361471861471862,
        0.8593073593073592,
        0.9069264069264069,
        0.9001122334455668,
        0.8850446428571428
      ]
    },
    "Gradient Boosting": {
      "transformer_mean": 0.7523148148148147,
      "baseline_mean": 0.8847790905082572,
      "mean_difference": -0.13246427569344238,
      "t_statistic": -3.438791095313024,
      "p_value": 0.026322847772383345,
      "significance": "*",
      "cohens_d": -1.537874129908176,
      "effect_size_interpretation": "Large",
      "confidence_interval_95": {
        "lower": -0.2394145904025573,
        "upper": -0.02551396098432747
      },
      "interpretation": "Marginally significant",
      "transformer_folds": [
        0.7328843995510662,
        0.8350168350168349,
        0.7654320987654321,
        0.6539351851851851,
        0.7743055555555556
      ],
      "baseline_folds": [
        0.9383116883116883,
        0.8322510822510822,
        0.9242424242424242,
        0.8529741863075196,
        0.8761160714285714
      ]
    },
    "MLP (Deep)": {
      "transformer_mean": 0.7523148148148147,
      "baseline_mean": 0.9062409812409813,
      "mean_difference": -0.15392616642616647,
      "t_statistic": -4.209654211885682,
      "p_value": 0.013589945132514391,
      "significance": "*",
      "cohens_d": -1.8826145959089375,
      "effect_size_interpretation": "Large",
      "confidence_interval_95": {
        "lower": -0.25544698733567195,
        "upper": -0.05240534551666101
      },
      "interpretation": "Marginally significant",
      "transformer_folds": [
        0.7328843995510662,
        0.8350168350168349,
        0.7654320987654321,
        0.6539351851851851,
        0.7743055555555556
      ],
      "baseline_folds": [
        0.9512987012987013,
        0.8636363636363636,
        0.9166666666666667,
        0.8888888888888888,
        0.9107142857142857
      ]
    },
    "ResNet (Tabular)": {
      "transformer_mean": 0.7523148148148147,
      "baseline_mean": 0.8815791847041847,
      "mean_difference": -0.1292643698893699,
      "t_statistic": -3.529195709487962,
      "p_value": 0.02424813083680627,
      "significance": "*",
      "cohens_d": -1.5783043024631365,
      "effect_size_interpretation": "Large",
      "confidence_interval_95": {
        "lower": -0.2309576327738727,
        "upper": -0.02757110700486709
      },
      "interpretation": "Marginally significant",
      "transformer_folds": [
        0.7328843995510662,
        0.8350168350168349,
        0.7654320987654321,
        0.6539351851851851,
        0.7743055555555556
      ],
      "baseline_folds": [
        0.9015151515151515,
        0.8484848484848484,
        0.8917748917748917,
        0.8888888888888888,
        0.8772321428571429
      ]
    },
    "TabNet": {
      "transformer_mean": 0.7523148148148147,
      "baseline_mean": 0.8948868646785314,
      "mean_difference": -0.14257204986371658,
      "t_statistic": -4.9474641611232295,
      "p_value": 0.007775252794177907,
      "significance": "**",
      "cohens_d": -2.2125732361031027,
      "effect_size_interpretation": "Large",
      "confidence_interval_95": {
        "lower": -0.22258141569048456,
        "upper": -0.06256268403694858
      },
      "interpretation": "Significant difference",
      "transformer_folds": [
        0.7328843995510662,
        0.8350168350168349,
        0.7654320987654321,
        0.6539351851851851,
        0.7743055555555556
      ],
      "baseline_folds": [
        0.9242424242424242,
        0.895021645021645,
        0.8690476190476191,
        0.8731762065095399,
        0.9129464285714286
      ]
    }
  },
  "summary_statistics": {
    "n_comparisons": 8,
    "n_significant_001": 0,
    "n_significant_01": 1,
    "n_significant_05": 8
  }
}