{
  "k_folds": 5,
  "individual_results": [
    {
      "fold": 1,
      "val_acc": 0.6721311475409836,
      "val_auc": 0.7694805194805194,
      "val_sens": 0.5714285714285714,
      "val_spec": 0.7575757575757576,
      "y_true": [
        1,
        1,
        0,
        1,
        0,
        0,
        0,
        0,
        1,
        0,
        0,
        0,
        1,
        0,
        1,
        0,
        1,
        1,
        1,
        0,
        1,
        0,
        0,
        0,
        0,
        0,
        0,
        1,
        1,
        0,
        1,
        0,
        1,
        0,
        0,
        1,
        0,
        0,
        1,
        1,
        1,
        1,
        0,
        1,
        1,
        0,
        1,
        0,
        0,
        1,
        0,
        0,
        1,
        0,
        0,
        1,
        1,
        1,
        0,
        0,
        1
      ],
      "y_prob": [
        0.01525049563497305,
        0.005894958041608334,
        0.7223743796348572,
        0.037578631192445755,
        0.1463852822780609,
        2.1995234419591725e-05,
        0.9986396431922913,
        4.314358375268057e-05,
        0.9986257553100586,
        0.0037245708517730236,
        0.0005097796092741191,
        0.0004368063237052411,
        0.9979590177536011,
        0.00962120108306408,
        0.01013508066534996,
        4.056579200550914e-05,
        0.9986513257026672,
        0.0010600803652778268,
        4.1819163016043603e-05,
        0.0036669562105089426,
        0.2655920088291168,
        0.005866431165486574,
        0.7888261675834656,
        0.6195789575576782,
        1.4042168004380073e-05,
        0.9561535120010376,
        0.0005690202233381569,
        0.0001509354478912428,
        0.9980599284172058,
        0.043196700513362885,
        0.12499987334012985,
        0.001076735439710319,
        0.7732793092727661,
        0.004271659534424543,
        6.19613565504551e-05,
        0.9452815651893616,
        0.017123069614171982,
        0.0010194390779361129,
        0.9987204074859619,
        0.9976818561553955,
        4.465072925086133e-05,
        0.6685819029808044,
        0.9930332899093628,
        0.9985504746437073,
        0.8625108599662781,
        0.27860215306282043,
        0.41282370686531067,
        0.7943918704986572,
        9.020770812639967e-05,
        0.9987552165985107,
        0.0008488699677400291,
        0.00011072149209212512,
        0.9966754913330078,
        0.8220683932304382,
        0.0041269948706030846,
        0.9976357221603394,
        0.9935883283615112,
        0.2464389204978943,
        9.258742647944018e-05,
        4.462668948690407e-05,
        0.9985927939414978
      ]
    },
    {
      "fold": 2,
      "val_acc": 0.7540983606557377,
      "val_auc": 0.8387445887445888,
      "val_sens": 0.7142857142857143,
      "val_spec": 0.7878787878787878,
      "y_true": [
        1,
        0,
        1,
        0,
        1,
        1,
        1,
        0,
        1,
        0,
        1,
        0,
        1,
        0,
        1,
        0,
        0,
        1,
        1,
        0,
        0,
        1,
        1,
        1,
        1,
        0,
        0,
        0,
        1,
        0,
        0,
        0,
        0,
        1,
        0,
        1,
        0,
        1,
        0,
        1,
        0,
        0,
        0,
        0,
        1,
        1,
        0,
        1,
        1,
        0,
        0,
        0,
        1,
        0,
        0,
        0,
        0,
        1,
        0,
        1,
        1
      ],
      "y_prob": [
        0.9970043301582336,
        0.006569683086127043,
        0.997928261756897,
        0.4305620491504669,
        0.6499565839767456,
        0.026923611760139465,
        0.22904470562934875,
        0.005892620421946049,
        0.0004324075998738408,
        3.961197944590822e-05,
        0.9983528852462769,
        0.007906464859843254,
        0.9982782602310181,
        0.10311004519462585,
        0.9981868863105774,
        0.32225626707077026,
        0.7250758409500122,
        0.9981861710548401,
        0.9983260035514832,
        0.008877675049006939,
        0.03566506877541542,
        0.9675581455230713,
        0.9983687996864319,
        0.9977424144744873,
        0.9960609078407288,
        0.00028517309692688286,
        0.0244665015488863,
        0.00773649150505662,
        0.4775486886501312,
        0.00242893910035491,
        0.0010171303292736411,
        0.0008358734776265919,
        4.230141712469049e-05,
        0.9980125427246094,
        0.005490161012858152,
        0.9900944828987122,
        0.0003947711084038019,
        0.019898023456335068,
        0.001155801466666162,
        0.9716861248016357,
        0.0007735114777460694,
        0.0030087516643106937,
        0.9772585034370422,
        0.9981828331947327,
        0.8715763092041016,
        0.12151888012886047,
        0.003244570456445217,
        0.6969995498657227,
        0.9981514811515808,
        0.01530205924063921,
        0.013848714530467987,
        0.9493444561958313,
        0.021953964605927467,
        0.9924449324607849,
        0.9983965754508972,
        0.00013873276475351304,
        0.9496621489524841,
        0.9983322024345398,
        0.00023112140479497612,
        0.040493957698345184,
        0.9967821836471558
      ]
    },
    {
      "fold": 3,
      "val_acc": 0.7377049180327869,
      "val_auc": 0.787878787878788,
      "val_sens": 0.7857142857142857,
      "val_spec": 0.696969696969697,
      "y_true": [
        0,
        0,
        0,
        1,
        1,
        0,
        1,
        0,
        1,
        0,
        1,
        0,
        1,
        0,
        1,
        0,
        1,
        0,
        1,
        0,
        0,
        0,
        0,
        0,
        1,
        0,
        0,
        1,
        1,
        1,
        1,
        0,
        0,
        0,
        1,
        1,
        0,
        1,
        1,
        0,
        0,
        0,
        1,
        0,
        0,
        0,
        1,
        0,
        1,
        1,
        0,
        1,
        1,
        1,
        0,
        0,
        1,
        0,
        1,
        0,
        1
      ],