{
  "method": "Wilcoxon signed-rank test + Paired t-test + Bonferroni correction",
  "n_folds": 5,
  "note_wilcoxon": "With n=5, minimum achievable Wilcoxon p = 0.0625 (cannot reach p<0.05)",
  "part_A_transformer_vs_llm": {
    "0-shot": {
      "mean_a": 0.7616199194324194,
      "mean_b": 0.6557408158970658,
      "mean_diff": 0.10587910353535361,
      "wilcoxon": {
        "statistic": 2.0,
        "p": 0.1875,
        "sig": "n.s."
      },
      "ttest": {
        "statistic": 1.8927635377311942,
        "p": 0.1313308938190806,
        "sig": "n.s.",
        "p_bonferroni": 0.656654469095403,
        "sig_bonferroni": "n.s."
      },
      "cohens_d": 0.8464695871399878,
      "effect": "Large",
      "ci_95": [
        -0.04943217169442736,
        0.26119037876513457
      ],
      "n": 5
    },
    "1-shot": {
      "mean_a": 0.7616199194324194,
      "mean_b": 0.7338107012586179,
      "mean_diff": 0.027809218173801532,
      "wilcoxon": {
        "statistic": 4.0,
        "p": 0.4375,
        "sig": "n.s."
      },
      "ttest": {
        "statistic": 0.7942889836185386,
        "p": 0.47148990165776594,
        "sig": "n.s.",
        "p_bonferroni": 1.0,
        "sig_bonferroni": "n.s."
      },
      "cohens_d": 0.35521683223005385,
      "effect": "Small",
      "ci_95": [
        -0.0693981827475611,
        0.12501661909516418
      ],
      "n": 5
    },
    "3-shot": {
      "mean_a": 0.7616199194324194,
      "mean_b": 0.6876366592512426,
      "mean_diff": 0.07398326018117687,
      "wilcoxon": {
        "statistic": 4.0,
        "p": 0.4375,
        "sig": "n.s."
      },
      "ttest": {
        "statistic": 1.2854455626491217,
        "p": 0.2680123418642483,
        "sig": "n.s.",
        "p_bonferroni": 1.0,
        "sig_bonferroni": "n.s."
      },
      "cohens_d": 0.5748687318917801,
      "effect": "Medium",
      "ci_95": [
        -0.08581383007699153,
        0.23378035043934528
      ],
      "n": 5
    },
    "5-shot": {
      "mean_a": 0.7616199194324194,
      "mean_b": 0.755071298300465,
      "mean_diff": 0.006548621131954491,
      "wilcoxon": {
        "statistic": 5.0,
        "p": 0.625,
        "sig": "n.s."
      },
      "ttest": {
        "statistic": 0.13333855633272576,
        "p": 0.9003647761076701,
        "sig": "n.s.",
        "p_bonferroni": 1.0,
        "sig_bonferroni": "n.s."
      },
      "cohens_d": 0.05963081519633197,
      "effect": "Negligible",
      "ci_95": [
        -0.12981019051019219,
        0.14290743277410115
      ],
      "n": 5
    },
    "10-shot": {
      "mean_a": 0.7616199194324194,
      "mean_b": 0.7945254880150714,
      "mean_diff": -0.03290556858265192,
      "wilcoxon": {
        "statistic": 4.0,
        "p": 0.4375,
        "sig": "n.s."
      },
      "ttest": {
        "statistic": -0.9318312252584157,
        "p": 0.4041734511906977,
        "sig": "n.s.",
        "p_bonferroni": 1.0,
        "sig_bonferroni": "n.s."
      },
      "cohens_d": -0.41672759264694736,
      "effect": "Small",
      "ci_95": [
        -0.13094961599018357,
        0.0651384788248797
      ],
      "n": 5
    }
  },
  "part_B_fewshot_calibration": {
    "1-shot": {
      "mean_a": 0.6557408158970658,
      "mean_b": 0.7338107012586179,
      "mean_diff": -0.07806988536155209,
      "wilcoxon": {
        "statistic": 1.0,
        "p": 0.125,
        "sig": "n.s."
      },
      "ttest": {
        "statistic": -2.9755222820546288,
        "p": 0.040919830306903986,
        "sig": "*",
        "p_bonferroni": 0.16367932122761594,
        "sig_bonferroni": "n.s."
      },
      "cohens_d": -1.3306940182478906,
      "effect": "Large",
      "ci_95": [
        -0.15091650875358456,
        -0.00522326196951961
      ],
      "n": 5
    },
    "3-shot": {
      "mean_a": 0.6557408158970658,
      "mean_b": 0.6876366592512426,
      "mean_diff": -0.031895843354176744,
      "wilcoxon": {
        "statistic": 3.0,
        "p": 0.3125,
        "sig": "n.s."
      },
      "ttest": {
        "statistic": -1.0564810482281097,
        "p": 0.35033158223946437,
        "sig": "n.s.",
        "p_bonferroni": 1.0,
        "sig_bonferroni": "n.s."
      },
      "cohens_d": -0.47247268815565735,
      "effect": "Small",
      "ci_95": [
        -0.11571850946388532,
        0.051926822755531836
      ],
      "n": 5
    },
    "5-shot": {
      "mean_a": 0.6557408158970658,
      "mean_b": 0.755071298300465,
      "mean_diff": -0.09933048240339912,
      "wilcoxon": {
        "statistic": 0.0,
        "p": 0.0625,
        "sig": "n.s."
      },
      "ttest": {
        "statistic": -3.910736389598107,
        "p": 0.01738302027366177,
        "sig": "*",
        "p_bonferroni": 0.06953208109464708,
        "sig_bonferroni": "n.s."
      },
      "cohens_d": -1.7489344818446937,
      "effect": "Large",
      "ci_95": [
        -0.16985061063280277,
        -0.02881035417399548
      ],
      "n": 5
    },
    "10-shot": {
      "mean_a": 0.6557408158970658,
      "mean_b": 0.7945254880150714,
      "mean_diff": -0.13878467211800555,
      "wilcoxon": {
        "statistic": 0.0,
        "p": 0.0625,
        "sig": "n.s."
      },
      "ttest": {
        "statistic": -4.00086172448432,
        "p": 0.0161185336326035,
        "sig": "*",
        "p_bonferroni": 0.064474134530414,
        "sig_bonferroni": "n.s."
      },
      "cohens_d": -1.7892397569047946,
      "effect": "Large",
      "ci_95": [
        -0.23509592957046943,
        -0.042473414665541664
      ],
      "n": 5
    }
  },
  "part_C_specificity": {
    "0-shot": {
      "mean_a": 0.8115530303030303,
      "mean_b": 0.31079545454545454,
      "mean_diff": 0.5007575757575757,
      "wilcoxon": {
        "statistic": 0.0,
        "p": 0.0625,
        "sig": "n.s."
      },
      "ttest": {
        "statistic": 8.70868379305361,
        "p": 0.0009574103637817514,
        "sig": "***",
        "p_bonferroni": 0.004787051818908757,
        "sig_bonferroni": "*"
      },
      "cohens_d": 3.8946417911637163,
      "effect": "Large",
      "ci_95": [
        0.34110934955698546,
        0.660405801958166
      ],
      "n": 5
    },
    "1-shot": {
      "mean_a": 0.8115530303030303,
      "mean_b": 0.28200757575757573,
      "mean_diff": 0.5295454545454545,
      "wilcoxon": {
        "statistic": 0.0,
        "p": 0.0625,
        "sig": "n.s."
      },
      "ttest": {
        "statistic": 9.528963857744081,
        "p": 0.0006772307876643027,
        "sig": "***",
        "p_bonferroni": 0.0033861539383215136,
        "sig_bonferroni": "*"
      },
      "cohens_d": 4.26148218821088,
      "effect": "Large",
      "ci_95": [
        0.375252300829942,
        0.6838386082609671
      ],
      "n": 5
    },
    "3-shot": {
      "mean_a": 0.8115530303030303,
      "mean_b": 0.37178030303030307,
      "mean_diff": 0.43977272727272726,
      "wilcoxon": {
        "statistic": 0.0,
        "p": 0.0625,
        "sig": "n.s."
      },
      "ttest": {
        "statistic": 4.572106496346043,
        "p": 0.010244440515606459,
        "sig": "*",
        "p_bonferroni": 0.0512222025780323,
        "sig_bonferroni": "n.s."
      },
      "cohens_d": 2.044708185239629,
      "effect": "Large",
      "ci_95": [
        0.1727175226287282,
        0.7068279319167263
      ],
      "n": 5
    },
    "5-shot": {
      "mean_a": 0.8115530303030303,
      "mean_b": 0.5857954545454545,
      "mean_diff": 0.22575757575757577,
      "wilcoxon": {
        "statistic": 1.0,
        "p": 0.125,
        "sig": "n.s."
      },
      "ttest": {
        "statistic": 2.228352710876507,
        "p": 0.08977500795471194,
        "sig": "n.s.",
        "p_bonferroni": 0.4488750397735597,
        "sig_bonferroni": "n.s."
      },
      "cohens_d": 0.996549627873161,
      "effect": "Large",
      "ci_95": [
        -0.055528018355976205,
        0.5070431698711277
      ],
      "n": 5
    },
    "10-shot": {
      "mean_a": 0.8115530303030303,